{
  "rfp1_overall": 0.4615118433205905,
  "halo_overall": 0.4478094182297454,
  "rfp1_per_class": {
    "Control_T0": 0.4212962962962963,
    "APPV717I_T0": 0.4857142857142857,
    "Control_0ms_T16": 0.8939929328621908,
    "Control_10000ms_T16": 0.3191489361702128,
    "APPV717I_0ms_T16": 0.32038834951456313,
    "APPV717I_10000ms_T16": 0.3285302593659942
  },
  "halo_per_class": {
    "Control_T0": 0.4351851851851852,
    "APPV717I_T0": 0.5885714285714285,
    "Control_0ms_T16": 0.7632508833922261,
    "Control_10000ms_T16": 0.19858156028368795,
    "APPV717I_0ms_T16": 0.4563106796116505,
    "APPV717I_10000ms_T16": 0.24495677233429394
  },
  "temporal": {
    "rfp1_t0": 0.453505291005291,
    "rfp1_t16": 0.46551511947824026,
    "halo_t0": 0.5118783068783068,
    "halo_t16": 0.41577497390546464
  }
}