{
  "test_accuracy": 0.5142387732749178,
  "per_class_accuracy": {
    "Control_T0": 0.4351851851851852,
    "APPV717I_T0": 0.5885714285714285,
    "Control_0ms_T16": 0.7632508833922261,
    "Control_10000ms_T16": 0.19858156028368795,
    "APPV717I_0ms_T16": 0.4563106796116505,
    "APPV717I_10000ms_T16": 0.24495677233429394
  },
  "confusion_matrix_shape": [
    6,
    6
  ],
  "num_test_samples": 1826
}